,Mean_est_diameter_min,Var_est_diameter_min,Mean_est_diameter_max,Var_est_diameter_max,Mean_relative_velocity,Var_relative_velocity,Mean_miss_distance,Var_miss_distance,Mean_absolute_magnitude,Var_absolute_magnitude
0,0.29623112390505635,0.08778291258543407,0.6623929301017553,0.43891456292712827,62473.37303939051,723656735.6576494,40143828.147965975,441347780402181.9,20.294149114331724,1.8147070407344386
1,0.10896757305267973,0.057962523679303136,0.24365890068779433,0.28981261839444905,46503.160467042726,605331180.9013381,36740054.615839526,502075085490315.7,23.87280831372549,7.863998180008965
