,Mean_est_diameter_min,Var_est_diameter_min,Mean_est_diameter_max,Var_est_diameter_max,Mean_relative_velocity,Var_relative_velocity,Mean_miss_distance,Var_miss_distance,Mean_absolute_magnitude,Var_absolute_magnitude
0,0.29348094960076015,0.08512069361732219,0.6562433534059842,0.42560346808776867,62767.588886102516,734272915.5046198,40076140.44185122,440304573869952.94,20.30626686074721,1.7879123710255203
1,0.10941056250719487,0.08832349243454099,0.24464945522120657,0.44161746217086484,46520.923770851165,604635498.3401761,36841409.24068169,504634011217914.06,23.86757632138253,7.855244882635077
